id,practice_name,first_name,last_name,location,country,niche,website,ad_platform,observation,est_monthly_spend,subject_line,email_body,linkedin_dm,follow_up_day3,follow_up_day7,outreach_status
1,Smiles Dental,Sarah,O'Brien,Dublin,IE,dental,smilesdental.ie,Google Ads,three generic keyword groups all pointing to the homepage with no negative keyword list,900,Smiles Dental — quick thing I noticed in your Google Ads account,"Hi Sarah,

Was looking at Smiles Dental's ads — three generic keyword groups all pointing to the homepage with no negative keyword list. That pattern usually means a chunk of spend is converting at a loss.

I run a free 250-point Account Health Check that scores exactly where spend is leaking (zero-conversion campaigns, sub-break-even ROAS, CPA outliers) with a modelled monthly recovery number.

Sample of the exact report you'd get: [LANDING_PAGE_URL]

Worth a 15-min look at yours?

[Your name]",Hi Sarah — noticed three generic keyword groups all pointing to the homepage with no negative keyword list on Smiles Dental's ads. I run a free 250-point Health Check that scores where revenue's leaking. Sample: [LANDING_PAGE_URL]. Want me to run yours?,Re: Smiles Dental ads — still happy to send the breakdown. Want it?,"Hi Sarah, forwarding the sanitised sample PDF directly — here's what the output looks like. Took 15 min. Yours would be specific to your account.",ready
2,Highland Physio,James,MacAllister,Edinburgh,UK,physiotherapy,highlandphysio.co.uk,Meta Ads,same two creatives running for 94 days with CTR down 40% in the last 30 days and no audience refresh,1400,Highland Physio — quick thing I noticed in your Meta Ads account,"Hi James,

Was looking at Highland Physio's ads — same two creatives running for 94 days with CTR down 40% in the last 30 days and no audience refresh. That pattern usually means a chunk of spend is converting at a loss.

I run a free 250-point Account Health Check that scores exactly where spend is leaking (zero-conversion campaigns, sub-break-even ROAS, CPA outliers) with a modelled monthly recovery number.

Sample of the exact report you'd get: [LANDING_PAGE_URL]

Worth a 15-min look at yours?

[Your name]",Hi James — noticed same two creatives running for 94 days with ctr down 40% in the last 30 days and no audience refresh on Highland Physio's ads. I run a free 250-point Health Check that scores where revenue's leaking. Sample: [LANDING_PAGE_URL]. Want me to run yours?,Re: Highland Physio ads — still happy to send the breakdown. Want it?,"Hi James, forwarding the sanitised sample PDF directly — here's what the output looks like. Took 15 min. Yours would be specific to your account.",ready
3,Clear Vision Opticians,Niamh,Walsh,Cork,IE,optometry,clearvisionopticians.ie,Google Ads,broad-match brand terms bidding against own organic results — estimated 30% avoidable wasted spend,600,Clear Vision Opticians — quick thing I noticed in your Google Ads account,"Hi Niamh,

Was looking at Clear Vision Opticians' ads — broad-match brand terms bidding against own organic results — estimated 30% avoidable wasted spend. That pattern usually means a chunk of spend is converting at a loss.

I run a free 250-point Account Health Check that scores exactly where spend is leaking (zero-conversion campaigns, sub-break-even ROAS, CPA outliers) with a modelled monthly recovery number.

Sample of the exact report you'd get: [LANDING_PAGE_URL]

Worth a 15-min look at yours?

[Your name]",Hi Niamh — noticed broad-match brand terms bidding against own organic results on Clear Vision Opticians' ads. I run a free 250-point Health Check that scores where revenue's leaking. Sample: [LANDING_PAGE_URL]. Want me to run yours?,Re: Clear Vision Opticians ads — still happy to send the breakdown. Want it?,"Hi Niamh, forwarding the sanitised sample PDF directly — here's what the output looks like. Took 15 min. Yours would be specific to your account.",ready
